<?xml version='1.0' encoding='UTF-8'?>
<swot_product>
  <global_attributes>
    <Conventions>Esri conventions as given in 'ESRI Shapefile Technical Description, an ESRI White Paper, July 1998' http://www.esri.com/library/whitepapers/pdfs/shapefile.pdf</Conventions>
    <title>Level 2 KaRIn High Rate River Tile Reach Data Product</title>
    <institution>NASA/JPL</institution>
    <source>Ka-band radar interferometer</source>
    <history>Created 2022-03-28T00:16:06.889808</history>
    <platform>SWOT</platform>
    <references></references>
    <reference_document></reference_document>
    <contact></contact>
    <cycle_number>20</cycle_number>
    <pass_number>577</pass_number>
    <tile_number>181</tile_number>
    <swath_side>L</swath_side>
    <tile_name>577_181L</tile_name>
    <short_name>L2_HR_RiverTile</short_name>
    <product_file_id>Reach</product_file_id>
    <crid></crid>
    <product_version></product_version>
    <pge_name></pge_name>
    <pge_version></pge_version>
    <time_granule_start></time_granule_start>
    <time_granule_end></time_granule_end>
    <time_coverage_start></time_coverage_start>
    <time_coverage_end></time_coverage_end>
    <geospatial_lon_min></geospatial_lon_min>
    <geospatial_lon_max></geospatial_lon_max>
    <geospatial_lat_min></geospatial_lat_min>
    <geospatial_lat_max></geospatial_lat_max>
    <inner_first_longitude>105.92880654013995</inner_first_longitude>
    <inner_first_latitude>14.886015653280177</inner_first_latitude>
    <inner_last_longitude>106.01721182348265</inner_last_longitude>
    <inner_last_latitude>15.433054070651973</inner_last_latitude>
    <outer_first_longitude>105.29755706288041</outer_first_longitude>
    <outer_first_latitude>14.980556252527297</outer_first_latitude>
    <outer_last_longitude>105.38438542914885</outer_last_longitude>
    <outer_last_latitude>15.528026377001256</outer_last_latitude>
    <xref_l2_hr_pixc_files>/houston2/pritam/SWOTHackathon22/swot-hydrology-toolbox/test/adpc/output/simu/SWOT_L2_HR_PIXC_020_577_181L_20220222T003731_20220222T003742_Dx0000_01.nc</xref_l2_hr_pixc_files>
    <xref_param_l2_hr_rivertile_files></xref_param_l2_hr_rivertile_files>
    <xref_prior_river_db_files></xref_prior_river_db_files>
    <xref_reforbittrack_files></xref_reforbittrack_files>
  </global_attributes>
  <attributes>
    <reach_id>
      <long_name>reach ID from prior river database</long_name>
      <tag_basic_expert>Basic</tag_basic_expert>
      <coordinates>p_lon p_lat</coordinates>
      <comment>Unique reach identifier from the prior river database. The format of the identifier is CBBBBBRRRRT, where C=continent, B=basin, R=reach, T=type.</comment>
    </reach_id>
    <time>
      <long_name>time (UTC)</long_name>
      <standard_name>time</standard_name>
      <calendar>gregorian</calendar>
      <tai_utc_difference>[value of TAI-UTC at time of first record]</tai_utc_difference>
      <leap_second>YYYY-MM-DDThh:mm:ssZ</leap_second>
      <tag_basic_expert>Basic</tag_basic_expert>
      <fill_value>-999999999999.0</fill_value>
      <units>seconds since 2000-01-01 00:00:00.000</units>
      <comment>Time of measurement in seconds in the UTC time scale since 1 Jan 2000 00:00:00 UTC. [tai_utc_difference] is the difference between TAI and UTC reference time (seconds) for the first measurement of the data set. If a leap second occurs within the data set, the metadata leap_second is set to the UTC time at which the leap second occurs.</comment>
    </time>
    <time_tai>
      <long_name>time (TAI)</long_name>
      <standard_name>time</standard_name>
      <calendar>gregorian</calendar>
      <tag_basic_expert>Basic</tag_basic_expert>
      <fill_value>-999999999999.0</fill_value>
      <units>seconds since 2000-01-01 00:00:00.000</units>
      <comment>Time of measurement in seconds in the TAI time scale since 1 Jan 2000 00:00:00 TAI. This time scale contains no leap seconds. The difference (in seconds) with time in UTC is given by the metadata [time:tai_utc_difference].</comment>
    </time_tai>
    <time_str>
      <long_name>time (UTC)</long_name>
      <standard_name>time</standard_name>
      <calendar>gregorian</calendar>
      <tai_utc_difference>[value of TAI-UTC at time of first record]</tai_utc_difference>
      <leap_second>YYYY-MM-DDThh:mm:ssZ</leap_second>
      <tag_basic_expert>Basic</tag_basic_expert>
      <fill_value>no_data</fill_value>
      <comment>Time string giving UTC time.  The format is YYYY-MM-DDThh:mm:ssZ, where the Z suffix indicates UTC time.</comment>
    </time_str>
    <p_lat>
      <long_name>latitude of the center of the reach</long_name>
      <standard_name>latitude</standard_name>
      <tag_basic_expert>Basic</tag_basic_expert>
      <fill_value>-999999999999.0</fill_value>
      <units>degrees_north</units>
      <valid_min>-80</valid_min>
      <valid_max>80</valid_max>
      <comment>Geodetic latitude of the reach center from the prior river database.  Positive values increase northward of the equator.</comment>
    </p_lat>
    <p_lon>
      <long_name>longitude of the center of the reach</long_name>
      <standard_name>longitude</standard_name>
      <tag_basic_expert>Basic</tag_basic_expert>
      <fill_value>-999999999999.0</fill_value>
      <units>degrees_east</units>
      <valid_min>-180</valid_min>
      <valid_max>180</valid_max>
      <comment>Geodetic longitude of the reach center from the prior river database.  The longitude values become more positive to the east and more negative to the west of the Prime Meridian.</comment>
    </p_lon>
    <river_name>
      <long_name>river name(s)</long_name>
      <tag_basic_expert>Basic</tag_basic_expert>
      <fill_value>no_data</fill_value>
      <comment>English language name(s) of the river from the prior river database, which adapts the name(s) from Open Street Map. If there are multiple names, they are separated by a forward slash.</comment>
    </river_name>
    <wse>
      <long_name>water surface elevation with respect to the geoid</long_name>
      <tag_basic_expert>Basic</tag_basic_expert>
      <fill_value>-999999999999.0</fill_value>
      <units>m</units>
      <valid_min>-1000</valid_min>
      <valid_max>100000</valid_max>
      <coordinates>p_lon p_lat</coordinates>
      <comment>Fitted reach water surface elevation, relative to the provided model of the geoid (geoid_hght), with corrections for media delays (wet and dry troposphere, and ionosphere), crossover correction, and tidal effects (solid_tide, load_tidef, and pole_tide) applied.</comment>
    </wse>
    <wse_u>
      <long_name>total uncertainty in the water surface elevation</long_name>
      <tag_basic_expert>Basic</tag_basic_expert>
      <fill_value>-999999999999.0</fill_value>
      <units>m</units>
      <valid_min>0</valid_min>
      <valid_max>999999</valid_max>
      <coordinates>p_lon p_lat</coordinates>
      <comment>Total one-sigma uncertainty (random and systematic) in the reach WSE, including uncertainties of corrections, and variation about the fit.</comment>
    </wse_u>
    <wse_r_u>
      <long_name>random-only uncertainty in the water surface elevation</long_name>
      <tag_basic_expert>Expert</tag_basic_expert>
      <fill_value>-999999999999.0</fill_value>
      <units>m</units>
      <valid_min>0</valid_min>
      <valid_max>999999</valid_max>
      <coordinates>p_lon p_lat</coordinates>
      <comment>Random-only component of the uncertainty in the reach WSE, including uncertainties of corrections, and variation about the fit.</comment>
    </wse_r_u>
    <slope>
      <long_name>water surface slope with respect to the geoid</long_name>
      <tag_basic_expert>Basic</tag_basic_expert>
      <fill_value>-999999999999.0</fill_value>
      <units>m/m</units>
      <valid_min>-0.001</valid_min>
      <valid_max>0.1</valid_max>
      <coordinates>p_lon p_lat</coordinates>
      <comment>Fitted water surface slope relative to the geoid, and with the same corrections and geophysical fields applied as wse. The units are m/m.  The upstream or downstream direction is defined by the prior river database.  A positive slope means that the downstream WSE is lower.</comment>
    </slope>
    <slope_u>
      <long_name>total uncertainty in the water surface slope</long_name>
      <tag_basic_expert>Basic</tag_basic_expert>
      <fill_value>-999999999999.0</fill_value>
      <units>m/m</units>
      <valid_min>0</valid_min>
      <valid_max>0.1</valid_max>
      <coordinates>p_lon p_lat</coordinates>
      <comment>Total one-sigma uncertainty (random and systematic) in the water surface slope, including uncertainties of corrections and variation about the fit.</comment>
    </slope_u>
    <slope_r_u>
      <long_name>random uncertainty in the water surface slope</long_name>
      <tag_basic_expert>Expert</tag_basic_expert>
      <fill_value>-999999999999.0</fill_value>
      <units>m/m</units>
      <valid_min>0</valid_min>
      <valid_max>0.1</valid_max>
      <coordinates>p_lon p_lat</coordinates>
      <comment>Random-only component of the uncertainty in the water surface slope.</comment>
    </slope_r_u>
    <slope2>
      <long_name>enhanced water surface slope with respect to the geoid</long_name>
      <tag_basic_expert>Basic</tag_basic_expert>
      <fill_value>-999999999999.0</fill_value>
      <units>m/m</units>
      <valid_min>-0.001</valid_min>
      <valid_max>0.1</valid_max>
      <coordinates>p_lon p_lat</coordinates>
      <comment>Enhanced water surface slope relative to the geoid, produced using a smoothing of the node wse. The upstream or downstream direction is defined by the prior river database.  A positive slope means that the downstream WSE is lower.</comment>
    </slope2>
    <slope2_u>
      <long_name>uncertainty in the enhanced water surface slope</long_name>
      <tag_basic_expert>Basic</tag_basic_expert>
      <fill_value>-999999999999.0</fill_value>
      <units>m/m</units>
      <valid_min>0</valid_min>
      <valid_max>0.1</valid_max>
      <coordinates>p_lon p_lat</coordinates>
      <comment>Total one-sigma uncertainty (random and systematic) in the enhanced water surface slope, including uncertainties of corrections and variation about the fit.</comment>
    </slope2_u>
    <slope2_r_u>
      <long_name>random uncertainty in the enhanced water surface slope</long_name>
      <tag_basic_expert>Expert</tag_basic_expert>
      <fill_value>-999999999999.0</fill_value>
      <units>m/m</units>
      <valid_min>0</valid_min>
      <valid_max>0.1</valid_max>
      <coordinates>p_lon p_lat</coordinates>
      <comment>Random-only component of the uncertainty in the enhanced water surface slope.</comment>
    </slope2_r_u>
    <width>
      <long_name>reach width</long_name>
      <tag_basic_expert>Basic</tag_basic_expert>
      <fill_value>-999999999999.0</fill_value>
      <units>m</units>
      <valid_min>0</valid_min>
      <valid_max>100000</valid_max>
      <coordinates>p_lon p_lat</coordinates>
      <comment>Reach width.</comment>
    </width>
    <width_u>
      <long_name>total uncertainty in the reach width</long_name>
      <tag_basic_expert>Basic</tag_basic_expert>
      <fill_value>-999999999999.0</fill_value>
      <units>m</units>
      <valid_min>0</valid_min>
      <valid_max>100000</valid_max>
      <coordinates>p_lon p_lat</coordinates>
      <comment>Total one-sigma uncertainty (random and systematic) in the reach width.</comment>
    </width_u>
    <area_total>
      <long_name>total water surface area including dark water</long_name>
      <tag_basic_expert>Basic</tag_basic_expert>
      <fill_value>-999999999999.0</fill_value>
      <units>m^2</units>
      <valid_min>0</valid_min>
      <valid_max>2000000000</valid_max>
      <coordinates>p_lon p_lat</coordinates>
      <comment>Total estimated water surface area, including dark water that was not detected as water in the SWOT observation but identified through the use of a prior water likelihood map.</comment>
    </area_total>
    <area_tot_u>
      <long_name>uncertainty in the total water surface area</long_name>
      <tag_basic_expert>Basic</tag_basic_expert>
      <fill_value>-999999999999.0</fill_value>
      <units>m^2</units>
      <valid_min>0</valid_min>
      <valid_max>2000000</valid_max>
      <coordinates>p_lon p_lat</coordinates>
      <comment>Total one-sigma uncertainty (random and systematic) in the total estimated water surface area area_total.</comment>
    </area_tot_u>
    <area_detct>
      <long_name>surface area of detected water pixels</long_name>
      <tag_basic_expert>Expert</tag_basic_expert>
      <fill_value>-999999999999.0</fill_value>
      <units>m^2</units>
      <valid_min>0</valid_min>
      <valid_max>2000000000</valid_max>
      <coordinates>p_lon p_lat</coordinates>
      <comment>Surface area of reach that was detected as water by the SWOT observation.</comment>
    </area_detct>
    <area_det_u>
      <long_name>uncertainty in the surface area of detected water</long_name>
      <tag_basic_expert>Expert</tag_basic_expert>
      <fill_value>-999999999999.0</fill_value>
      <units>m^2</units>
      <valid_min>0</valid_min>
      <valid_max>2000000000</valid_max>
      <coordinates>p_lon p_lat</coordinates>
      <comment>Total one-sigma uncertainty (random and systematic) in the surface area of the detected water pixels.</comment>
    </area_det_u>
    <area_wse>
      <long_name>area used to compute water surface elevation</long_name>
      <tag_basic_expert>Expert</tag_basic_expert>
      <fill_value>-999999999999.0</fill_value>
      <units>m^2</units>
      <valid_min>0</valid_min>
      <valid_max>2000000000</valid_max>
      <coordinates>p_lon p_lat</coordinates>
      <comment>Surface area of the reach that contributed to the computation of the WSE.</comment>
    </area_wse>
    <d_x_area>
      <long_name>change in cross-sectional area</long_name>
      <tag_basic_expert>Basic</tag_basic_expert>
      <fill_value>-999999999999.0</fill_value>
      <units>m^2</units>
      <valid_min>-10000000</valid_min>
      <valid_max>10000000</valid_max>
      <coordinates>p_lon p_lat</coordinates>
      <comment>Change in channel cross sectional area from the value reported in the prior river database.</comment>
    </d_x_area>
    <d_x_area_u>
      <long_name>total uncertainty of the change in the cross-sectional area</long_name>
      <tag_basic_expert>Basic</tag_basic_expert>
      <fill_value>-999999999999.0</fill_value>
      <units>m^2</units>
      <valid_min>0</valid_min>
      <valid_max>10000000</valid_max>
      <coordinates>p_lon p_lat</coordinates>
      <comment>Total one-sigma uncertainty (random and systematic) in the change in the cross-sectional area.</comment>
    </d_x_area_u>
    <layovr_val>
      <long_name>metric of layover effect</long_name>
      <tag_basic_expert>Expert</tag_basic_expert>
      <fill_value>-999999999999.0</fill_value>
      <units>TBD</units>
      <valid_min>0</valid_min>
      <valid_max>1</valid_max>
      <coordinates>p_lon p_lat</coordinates>
      <comment>Value indicating an estimate of the height error due to layover (TBD).</comment>
    </layovr_val>
    <node_dist>
      <long_name>mean distance between observed and prior river database node locations</long_name>
      <tag_basic_expert>Basic</tag_basic_expert>
      <fill_value>-999999999999.0</fill_value>
      <units>m</units>
      <valid_min>0</valid_min>
      <valid_max>10000</valid_max>
      <coordinates>p_lon p_lat</coordinates>
      <comment>Mean distance between the observed node locations and the node locations in the prior river database.</comment>
    </node_dist>
    <loc_offset>
      <long_name>along-stream location offset between the observed and prior reach location</long_name>
      <tag_basic_expert>Basic</tag_basic_expert>
      <fill_value>-999999999999.0</fill_value>
      <units>m</units>
      <valid_min>-20000</valid_min>
      <valid_max>20000</valid_max>
      <coordinates>p_lon p_lat</coordinates>
      <comment>Location offset between the observed and prior reach locations.  This is defined as the mean of the along-stream node distances of only observed nodes in the reach, minus the mean of all prior river database along-stream node distances in the reach.</comment>
    </loc_offset>
    <xtrk_dist>
      <long_name>distance to the satellite ground track</long_name>
      <tag_basic_expert>Basic</tag_basic_expert>
      <fill_value>-999999999999.0</fill_value>
      <units>m</units>
      <valid_min>-75000</valid_min>
      <valid_max>75000</valid_max>
      <coordinates>p_lon p_lat</coordinates>
      <comment>Average distance of the observed node locations in the reach from the spacecraft nadir track.  A negative value indicates the left side of the swath, relative to the spacecraft velocity vector.  A positive value indicates the right side of the swath.</comment>
    </xtrk_dist>
    <dschg_c>
      <long_name>consensus discharge</long_name>
      <tag_basic_expert>Basic</tag_basic_expert>
      <fill_value>-999999999999.0</fill_value>
      <units>m^3/s</units>
      <valid_min>-10000000</valid_min>
      <valid_max>10000000</valid_max>
      <coordinates>p_lon p_lat</coordinates>
      <comment>Discharge from the consensus discharge algorithm.</comment>
    </dschg_c>
    <dschg_c_u>
      <long_name>uncertainty in consensus discharge</long_name>
      <tag_basic_expert>Basic</tag_basic_expert>
      <fill_value>-999999999999.0</fill_value>
      <units>m^3/s</units>
      <valid_min>0</valid_min>
      <valid_max>10000000</valid_max>
      <coordinates>p_lon p_lat</coordinates>
      <comment>Total uncertainty in the discharge from the consensus algorithm as an absolute quantity.</comment>
    </dschg_c_u>
    <dschg_csf>
      <long_name>fractional systematic uncertainty in consensus discharge</long_name>
      <tag_basic_expert>Expert</tag_basic_expert>
      <fill_value>-999999999999.0</fill_value>
      <units>1</units>
      <valid_min>0</valid_min>
      <valid_max>9999999999999</valid_max>
      <coordinates>p_lon p_lat</coordinates>
      <comment>Systematic component of the uncertainty in the discharge from the consensus algorithm as a fractional quantity.</comment>
    </dschg_csf>
    <dschg_c_q>
      <long_name>consensus discharge quality flag</long_name>
      <standard_name>status_flag</standard_name>
      <tag_basic_expert>Basic</tag_basic_expert>
      <fill_value>-999</fill_value>
      <flag_meanings>valid questionable invalid</flag_meanings>
      <flag_values>[0 1 2]</flag_values>
      <valid_min>0</valid_min>
      <valid_max>2</valid_max>
      <coordinates>p_lon p_lat</coordinates>
      <comment>Flag that indicates quality of the consensus discharge. Values of 0, 1, and 2 indicate that the consensus discharge is valid, questionable, and invalid, respectively.</comment>
    </dschg_c_q>
    <dschg_gc>
      <long_name>gauge-constrained consensus discharge</long_name>
      <tag_basic_expert>Basic</tag_basic_expert>
      <fill_value>-999999999999.0</fill_value>
      <units>m^3/s</units>
      <valid_min>-10000000</valid_min>
      <valid_max>10000000</valid_max>
      <coordinates>p_lon p_lat</coordinates>
      <comment>Discharge from the gauge-constrained consensus discharge algorithm.</comment>
    </dschg_gc>
    <dschg_gc_u>
      <long_name>uncertainty in gauge-constrained consensus discharge</long_name>
      <tag_basic_expert>Basic</tag_basic_expert>
      <fill_value>-999999999999.0</fill_value>
      <units>m^3/s</units>
      <valid_min>0</valid_min>
      <valid_max>10000000</valid_max>
      <coordinates>p_lon p_lat</coordinates>
      <comment>Total uncertainty in the discharge from the gauge-constrained consensus algorithm as an absolute quantity.</comment>
    </dschg_gc_u>
    <dschg_gcsf>
      <long_name>fractional systematic uncertainty in gauge-constrained consensus discharge</long_name>
      <tag_basic_expert>Expert</tag_basic_expert>
      <fill_value>-999999999999.0</fill_value>
      <units>1</units>
      <valid_min>0</valid_min>
      <valid_max>9999999999999</valid_max>
      <coordinates>p_lon p_lat</coordinates>
      <comment>Systematic component of the uncertainty in the discharge from the gauge-constrained consensus algorithm as a fractional quantity.</comment>
    </dschg_gcsf>
    <dschg_gc_q>
      <long_name>gauge-constrained consensus discharge quality flag</long_name>
      <standard_name>status_flag</standard_name>
      <tag_basic_expert>Basic</tag_basic_expert>
      <fill_value>-999</fill_value>
      <flag_meanings>valid questionable invalid</flag_meanings>
      <flag_values>[0 1 2]</flag_values>
      <valid_min>0</valid_min>
      <valid_max>2</valid_max>
      <coordinates>p_lon p_lat</coordinates>
      <comment>Flag that indicates quality of the gauge-constrained consensus discharge. Values of 0, 1, and 2 indicate that the gauge-constrained consensus discharge is valid, questionable, and invalid, respectively.</comment>
    </dschg_gc_q>
    <dschg_m>
      <long_name>MetroMan discharge</long_name>
      <tag_basic_expert>Expert</tag_basic_expert>
      <fill_value>-999999999999.0</fill_value>
      <units>m^3/s</units>
      <valid_min>-10000000</valid_min>
      <valid_max>10000000</valid_max>
      <coordinates>p_lon p_lat</coordinates>
      <comment>Discharge from the MetroMan discharge algorithm.</comment>
    </dschg_m>
    <dschg_m_u>
      <long_name>uncertainty in MetroMan discharge</long_name>
      <tag_basic_expert>Expert</tag_basic_expert>
      <fill_value>-999999999999.0</fill_value>
      <units>m^3/s</units>
      <valid_min>0</valid_min>
      <valid_max>10000000</valid_max>
      <coordinates>p_lon p_lat</coordinates>
      <comment>Total uncertainty in the discharge from the MetroMan algorithm as an absolute quanitty.</comment>
    </dschg_m_u>
    <dschg_msf>
      <long_name>fractional systematic uncertainty in MetroMan discharge</long_name>
      <tag_basic_expert>Expert</tag_basic_expert>
      <fill_value>-999999999999.0</fill_value>
      <units>1</units>
      <valid_min>0</valid_min>
      <valid_max>9999999999999</valid_max>
      <coordinates>p_lon p_lat</coordinates>
      <comment>Systematic component of the uncertainty in the discharge from the MetroMan algorithm as a fractional quantity.</comment>
    </dschg_msf>
    <dschg_m_q>
      <long_name>MetroMan discharge quality flag</long_name>
      <standard_name>status_flag</standard_name>
      <tag_basic_expert>Expert</tag_basic_expert>
      <fill_value>-999</fill_value>
      <flag_meanings>valid questionable invalid</flag_meanings>
      <flag_values>[0 1 2]</flag_values>
      <valid_min>0</valid_min>
      <valid_max>2</valid_max>
      <coordinates>p_lon p_lat</coordinates>
      <comment>Flag that indicates quality of the MetroMan discharge. Values of 0, 1, and 2 indicate that the MetroMan discharge is valid, questionable, and invalid, respectively.</comment>
    </dschg_m_q>
    <dschg_gm>
      <long_name>gauge-constrained MetroMan discharge</long_name>
      <tag_basic_expert>Expert</tag_basic_expert>
      <fill_value>-999999999999.0</fill_value>
      <units>m^3/s</units>
      <valid_min>-10000000</valid_min>
      <valid_max>10000000</valid_max>
      <coordinates>p_lon p_lat</coordinates>
      <comment>Discharge from the gauge-constrained MetroMan discharge algorithm.</comment>
    </dschg_gm>
    <dschg_gm_u>
      <long_name>uncertainty in gauge-constrained MetroMan discharge</long_name>
      <tag_basic_expert>Expert</tag_basic_expert>
      <fill_value>-999999999999.0</fill_value>
      <units>m^3/s</units>
      <valid_min>0</valid_min>
      <valid_max>10000000</valid_max>
      <coordinates>p_lon p_lat</coordinates>
      <comment>Total uncertainty in the discharge from the gauge-constrained MetroMan algorithm as an absolute quantity.</comment>
    </dschg_gm_u>
    <dschg_gmsf>
      <long_name>fractional systematic uncertainty in gauge-constrained MetroMan discharge</long_name>
      <tag_basic_expert>Expert</tag_basic_expert>
      <fill_value>-999999999999.0</fill_value>
      <units>1</units>
      <valid_min>0</valid_min>
      <valid_max>9999999999999</valid_max>
      <coordinates>p_lon p_lat</coordinates>
      <comment>Systematic component of the uncertainty in the discharge from the gauge-constrained MetroMan algorithm as a fractional quantity.</comment>
    </dschg_gmsf>
    <dschg_gm_q>
      <long_name>gauge-constrained MetroMan discharge quality flag</long_name>
      <standard_name>status_flag</standard_name>
      <tag_basic_expert>Expert</tag_basic_expert>
      <fill_value>-999</fill_value>
      <flag_meanings>valid questionable invalid</flag_meanings>
      <flag_values>[0 1 2]</flag_values>
      <valid_min>0</valid_min>
      <valid_max>2</valid_max>
      <coordinates>p_lon p_lat</coordinates>
      <comment>Flag that indicates quality of the gauge-constrained MetroMan discharge. Values of 0, 1, and 2 indicate that the gauge-constrained MetroMan discharge is valid, questionable, and invalid, respectively.</comment>
    </dschg_gm_q>
    <dschg_b>
      <long_name>BAM discharge</long_name>
      <tag_basic_expert>Expert</tag_basic_expert>
      <fill_value>-999999999999.0</fill_value>
      <units>m^3/s</units>
      <valid_min>-10000000</valid_min>
      <valid_max>10000000</valid_max>
      <coordinates>p_lon p_lat</coordinates>
      <comment>Discharge from the BAM discharge algorithm.</comment>
    </dschg_b>
    <dschg_b_u>
      <long_name>uncertainty in BAM discharge</long_name>
      <tag_basic_expert>Expert</tag_basic_expert>
      <fill_value>-999999999999.0</fill_value>
      <units>m^3/s</units>
      <valid_min>0</valid_min>
      <valid_max>10000000</valid_max>
      <coordinates>p_lon p_lat</coordinates>
      <comment>Total uncertainty in the discharge from the BAM algorithm as an absolute quantity.</comment>
    </dschg_b_u>
    <dschg_bsf>
      <long_name>fractional systematic uncertainty in BAM discharge</long_name>
      <tag_basic_expert>Expert</tag_basic_expert>
      <fill_value>-999999999999.0</fill_value>
      <units>1</units>
      <valid_min>0</valid_min>
      <valid_max>9999999999999</valid_max>
      <coordinates>p_lon p_lat</coordinates>
      <comment>Systematic component of the uncertainty in the discharge from the BAM algorithm as a fractional quantity.</comment>
    </dschg_bsf>
    <dschg_b_q>
      <long_name>BAM discharge quality flag</long_name>
      <standard_name>status_flag</standard_name>
      <tag_basic_expert>Expert</tag_basic_expert>
      <fill_value>-999</fill_value>
      <flag_meanings>valid questionable invalid</flag_meanings>
      <flag_values>[0 1 2]</flag_values>
      <valid_min>0</valid_min>
      <valid_max>2</valid_max>
      <coordinates>p_lon p_lat</coordinates>
      <comment>Flag that indicates quality of the BAM discharge. Values of 0, 1, and 2 indicate that the BAM discharge is valid, questionable, and invalid, respectively.</comment>
    </dschg_b_q>
    <dschg_gb>
      <long_name>gauge-constrained BAM discharge</long_name>
      <tag_basic_expert>Expert</tag_basic_expert>
      <fill_value>-999999999999.0</fill_value>
      <units>m^3/s</units>
      <valid_min>-10000000</valid_min>
      <valid_max>10000000</valid_max>
      <coordinates>p_lon p_lat</coordinates>
      <comment>Discharge from the gauge-constrained BAM discharge algorithm.</comment>
    </dschg_gb>
    <dschg_gb_u>
      <long_name>uncertainty in gauge-constrained BAM discharge</long_name>
      <tag_basic_expert>Expert</tag_basic_expert>
      <fill_value>-999999999999.0</fill_value>
      <units>m^3/s</units>
      <valid_min>0</valid_min>
      <valid_max>10000000</valid_max>
      <coordinates>p_lon p_lat</coordinates>
      <comment>Total uncertainty in the discharge from the gauge-constrained BAM algorithm as an absolute quantity.</comment>
    </dschg_gb_u>
    <dschg_gbsf>
      <long_name>fractional systematic uncertainty in gauge-constrained BAM discharge</long_name>
      <tag_basic_expert>Expert</tag_basic_expert>
      <fill_value>-999999999999.0</fill_value>
      <units>1</units>
      <valid_min>0</valid_min>
      <valid_max>9999999999999</valid_max>
      <coordinates>p_lon p_lat</coordinates>
      <comment>Systematic component of the uncertainty in the discharge from the gauge-constrained BAM algorithm as a fractional quantity.</comment>
    </dschg_gbsf>
    <dschg_gb_q>
      <long_name>gauge-constrained BAM discharge quality flag</long_name>
      <standard_name>status_flag</standard_name>
      <tag_basic_expert>Expert</tag_basic_expert>
      <fill_value>-999</fill_value>
      <flag_meanings>valid questionable invalid</flag_meanings>
      <flag_values>[0 1 2]</flag_values>
      <valid_min>0</valid_min>
      <valid_max>2</valid_max>
      <coordinates>p_lon p_lat</coordinates>
      <comment>Flag that indicates quality of the gauge-constrained BAM discharge. Values of 0, 1, and 2 indicate that the gauge-constrained BAM discharge is valid, questionable, and invalid, respectively.</comment>
    </dschg_gb_q>
    <dschg_h>
      <long_name>HiVDI discharge</long_name>
      <tag_basic_expert>Expert</tag_basic_expert>
      <fill_value>-999999999999.0</fill_value>
      <units>m^3/s</units>
      <valid_min>-10000000</valid_min>
      <valid_max>10000000</valid_max>
      <coordinates>p_lon p_lat</coordinates>
      <comment>Discharge from the HiVDI discharge algorithm.</comment>
    </dschg_h>
    <dschg_h_u>
      <long_name>uncertainty in HiVDI discharge</long_name>
      <tag_basic_expert>Expert</tag_basic_expert>
      <fill_value>-999999999999.0</fill_value>
      <units>m^3/s</units>
      <valid_min>0</valid_min>
      <valid_max>10000000</valid_max>
      <coordinates>p_lon p_lat</coordinates>
      <comment>Total uncertainty in the discharge from the HiVDI algorithm as an absolute quantity.</comment>
    </dschg_h_u>
    <dschg_hsf>
      <long_name>fractional systematic uncertainty in HiVDI discharge</long_name>
      <tag_basic_expert>Expert</tag_basic_expert>
      <fill_value>-999999999999.0</fill_value>
      <units>1</units>
      <valid_min>0</valid_min>
      <valid_max>9999999999999</valid_max>
      <coordinates>p_lon p_lat</coordinates>
      <comment>Systematic component of the uncertainty in the discharge from the HiVDI algorithm as a fractional quantity.</comment>
    </dschg_hsf>
    <dschg_h_q>
      <long_name>HiVDI discharge quality flag</long_name>
      <standard_name>status_flag</standard_name>
      <tag_basic_expert>Expert</tag_basic_expert>
      <fill_value>-999</fill_value>
      <flag_meanings>valid questionable invalid</flag_meanings>
      <flag_values>[0 1 2]</flag_values>
      <valid_min>0</valid_min>
      <valid_max>2</valid_max>
      <coordinates>p_lon p_lat</coordinates>
      <comment>Flag that indicates quality of the HiVDI discharge. Values of 0, 1, and 2 indicate that the HiVDI discharge is valid, questionable, and invalid, respectively.</comment>
    </dschg_h_q>
    <dschg_gh>
      <long_name>gauge-constrained HiVDI discharge</long_name>
      <tag_basic_expert>Expert</tag_basic_expert>
      <fill_value>-999999999999.0</fill_value>
      <units>m^3/s</units>
      <valid_min>-10000000</valid_min>
      <valid_max>10000000</valid_max>
      <coordinates>p_lon p_lat</coordinates>
      <comment>Discharge from the gauge-constrained HiVDI discharge algorithm.</comment>
    </dschg_gh>
    <dschg_gh_u>
      <long_name>uncertainty in gauge-constrained HiVDI discharge</long_name>
      <tag_basic_expert>Expert</tag_basic_expert>
      <fill_value>-999999999999.0</fill_value>
      <units>m^3/s</units>
      <valid_min>0</valid_min>
      <valid_max>10000000</valid_max>
      <coordinates>p_lon p_lat</coordinates>
      <comment>Total uncertainty in the discharge from the gauge-constrained HiVDI algorithm as an absolute quantity.</comment>
    </dschg_gh_u>
    <dschg_ghsf>
      <long_name>fractional systematic uncertainty in gauge-constrained HiVDI discharge</long_name>
      <tag_basic_expert>Expert</tag_basic_expert>
      <fill_value>-999999999999.0</fill_value>
      <units>1</units>
      <valid_min>0</valid_min>
      <valid_max>9999999999999</valid_max>
      <coordinates>p_lon p_lat</coordinates>
      <comment>Systematic component of the uncertainty in the discharge from the gauge-constrained HiVDI algorithm as a fractional quantity.</comment>
    </dschg_ghsf>
    <dschg_gh_q>
      <long_name>gauge-constrained HiVDI discharge quality flag</long_name>
      <standard_name>status_flag</standard_name>
      <tag_basic_expert>Expert</tag_basic_expert>
      <fill_value>-999</fill_value>
      <flag_meanings>valid questionable invalid</flag_meanings>
      <flag_values>[0 1 2]</flag_values>
      <valid_min>0</valid_min>
      <valid_max>2</valid_max>
      <coordinates>p_lon p_lat</coordinates>
      <comment>Flag that indicates quality of the gauge-constrained HiVDI discharge. Values of 0, 1, and 2 indicate that the gauge-constrained HiVDI discharge is valid, questionable, and invalid, respectively.</comment>
    </dschg_gh_q>
    <dschg_o>
      <long_name>MOMMA discharge</long_name>
      <tag_basic_expert>Expert</tag_basic_expert>
      <fill_value>-999999999999.0</fill_value>
      <units>m^3/s</units>
      <valid_min>-10000000</valid_min>
      <valid_max>10000000</valid_max>
      <coordinates>p_lon p_lat</coordinates>
      <comment>Discharge from the MOMMA discharge algorithm.</comment>
    </dschg_o>
    <dschg_o_u>
      <long_name>uncertainty in MOMMA discharge</long_name>
      <tag_basic_expert>Expert</tag_basic_expert>
      <fill_value>-999999999999.0</fill_value>
      <units>m^3/s</units>
      <valid_min>0</valid_min>
      <valid_max>10000000</valid_max>
      <coordinates>p_lon p_lat</coordinates>
      <comment>Total uncertainty in the discharge from the MOMMA algorithm as an absolute quantity.</comment>
    </dschg_o_u>
    <dschg_osf>
      <long_name>fractional systematic uncertainty in MOMMA discharge</long_name>
      <tag_basic_expert>Expert</tag_basic_expert>
      <fill_value>-999999999999.0</fill_value>
      <units>1</units>
      <valid_min>0</valid_min>
      <valid_max>9999999999999</valid_max>
      <coordinates>p_lon p_lat</coordinates>
      <comment>Systematic component of the uncertainty in the discharge from the MOMMA algorithm as a fractional quantity.</comment>
    </dschg_osf>
    <dschg_o_q>
      <long_name>MOMMA discharge quality flag</long_name>
      <standard_name>status_flag</standard_name>
      <tag_basic_expert>Expert</tag_basic_expert>
      <fill_value>-999</fill_value>
      <flag_meanings>valid questionable invalid</flag_meanings>
      <flag_values>[0 1 2]</flag_values>
      <valid_min>0</valid_min>
      <valid_max>2</valid_max>
      <coordinates>p_lon p_lat</coordinates>
      <comment>Flag that indicates quality of the MOMMA discharge. Values of 0, 1, and 2 indicate that the MOMMA discharge is valid, questionable, and invalid, respectively.</comment>
    </dschg_o_q>
    <dschg_go>
      <long_name>gauge-constrained MOMMA discharge</long_name>
      <tag_basic_expert>Expert</tag_basic_expert>
      <fill_value>-999999999999.0</fill_value>
      <units>m^3/s</units>
      <valid_min>-10000000</valid_min>
      <valid_max>10000000</valid_max>
      <coordinates>p_lon p_lat</coordinates>
      <comment>Discharge from the gauge-constrained MOMMA discharge algorithm.</comment>
    </dschg_go>
    <dschg_go_u>
      <long_name>uncertainty in gauge-constrained MOMMA discharge</long_name>
      <tag_basic_expert>Expert</tag_basic_expert>
      <fill_value>-999999999999.0</fill_value>
      <units>m^3/s</units>
      <valid_min>0</valid_min>
      <valid_max>10000000</valid_max>
      <coordinates>p_lon p_lat</coordinates>
      <comment>Total uncertainty in the discharge from the gauge-constrained MOMMA algorithm as an absolute quantity.</comment>
    </dschg_go_u>
    <dschg_gosf>
      <long_name>fractional systematic uncertainty in gauge-constrained MOMMA discharge</long_name>
      <tag_basic_expert>Expert</tag_basic_expert>
      <fill_value>-999999999999.0</fill_value>
      <units>1</units>
      <valid_min>0</valid_min>
      <valid_max>9999999999999</valid_max>
      <coordinates>p_lon p_lat</coordinates>
      <comment>Systematic component of the uncertainty in the discharge from the gauge-constrained MOMMA algorithm as a fractional quantity.</comment>
    </dschg_gosf>
    <dschg_go_q>
      <long_name>gauge-constrained MOMMA discharge quality flag</long_name>
      <standard_name>status_flag</standard_name>
      <tag_basic_expert>Expert</tag_basic_expert>
      <fill_value>-999</fill_value>
      <flag_meanings>valid questionable invalid</flag_meanings>
      <flag_values>[0 1 2]</flag_values>
      <valid_min>0</valid_min>
      <valid_max>2</valid_max>
      <coordinates>p_lon p_lat</coordinates>
      <comment>Flag that indicates quality of the gauge-constrained MOMMA discharge. Values of 0, 1, and 2 indicate that the gauge-constrained MOMMA discharge is valid, questionable, and invalid, respectively.</comment>
    </dschg_go_q>
    <dschg_s>
      <long_name>SADS discharge</long_name>
      <tag_basic_expert>Expert</tag_basic_expert>
      <fill_value>-999999999999.0</fill_value>
      <units>m^3/s</units>
      <valid_min>-10000000</valid_min>
      <valid_max>10000000</valid_max>
      <coordinates>p_lon p_lat</coordinates>
      <comment>Discharge from the SADS discharge algorithm.</comment>
    </dschg_s>
    <dschg_s_u>
      <long_name>uncertainty in SADS discharge</long_name>
      <tag_basic_expert>Expert</tag_basic_expert>
      <fill_value>-999999999999.0</fill_value>
      <units>m^3/s</units>
      <valid_min>0</valid_min>
      <valid_max>10000000</valid_max>
      <coordinates>p_lon p_lat</coordinates>
      <comment>Total uncertainty in the discharge from the SADS algorithm as an absolute quantity.</comment>
    </dschg_s_u>
    <dschg_ssf>
      <long_name>fractional systematic uncertainty in SADS discharge</long_name>
      <tag_basic_expert>Expert</tag_basic_expert>
      <fill_value>-999999999999.0</fill_value>
      <units>1</units>
      <valid_min>0</valid_min>
      <valid_max>9999999999999</valid_max>
      <coordinates>p_lon p_lat</coordinates>
      <comment>Systematic component of the uncertainty in the discharge from the SADS algorithm as a fractional quantity.</comment>
    </dschg_ssf>
    <dschg_s_q>
      <long_name>SADS discharge quality flag</long_name>
      <standard_name>status_flag</standard_name>
      <tag_basic_expert>Expert</tag_basic_expert>
      <fill_value>-999</fill_value>
      <flag_meanings>valid questionable invalid</flag_meanings>
      <flag_values>[0 1 2]</flag_values>
      <valid_min>0</valid_min>
      <valid_max>2</valid_max>
      <coordinates>p_lon p_lat</coordinates>
      <comment>Flag that indicates quality of the SADS discharge. Values of 0, 1, and 2 indicate that the SADS discharge is valid, questionable, and invalid, respectively.</comment>
    </dschg_s_q>
    <dschg_gs>
      <long_name>gauge-constrained SADS discharge</long_name>
      <tag_basic_expert>Expert</tag_basic_expert>
      <fill_value>-999999999999.0</fill_value>
      <units>m^3/s</units>
      <valid_min>-10000000</valid_min>
      <valid_max>10000000</valid_max>
      <coordinates>p_lon p_lat</coordinates>
      <comment>Discharge from the gauge-constrained SADS discharge algorithm.</comment>
    </dschg_gs>
    <dschg_gs_u>
      <long_name>uncertainty in gauge-constrained SADS discharge</long_name>
      <tag_basic_expert>Expert</tag_basic_expert>
      <fill_value>-999999999999.0</fill_value>
      <units>m^3/s</units>
      <valid_min>0</valid_min>
      <valid_max>10000000</valid_max>
      <coordinates>p_lon p_lat</coordinates>
      <comment>Total uncertainty in the discharge from the gauge-constrained SADS algorithm as an absolute quantity.</comment>
    </dschg_gs_u>
    <dschg_gssf>
      <long_name>fractional systematic uncertainty in gauge-constrained SADS discharge</long_name>
      <tag_basic_expert>Expert</tag_basic_expert>
      <fill_value>-999999999999.0</fill_value>
      <units>1</units>
      <valid_min>0</valid_min>
      <valid_max>9999999999999</valid_max>
      <coordinates>p_lon p_lat</coordinates>
      <comment>Systematic component of the uncertainty in the discharge from the gauge-constrained SADS algorithm as a fractional quantity.</comment>
    </dschg_gssf>
    <dschg_gs_q>
      <long_name>gauge-constrained SADS discharge quality flag</long_name>
      <standard_name>status_flag</standard_name>
      <tag_basic_expert>Expert</tag_basic_expert>
      <fill_value>-999</fill_value>
      <flag_meanings>valid questionable invalid</flag_meanings>
      <flag_values>[0 1 2]</flag_values>
      <valid_min>0</valid_min>
      <valid_max>2</valid_max>
      <coordinates>p_lon p_lat</coordinates>
      <comment>Flag that indicates quality of the gauge-constrained SADS discharge. Values of 0, 1, and 2 indicate that the gauge-constrained SADS discharge is valid, questionable, and invalid, respectively.</comment>
    </dschg_gs_q>
    <reach_q>
      <long_name>summary quality indicator for the reach</long_name>
      <standard_name>status_flag</standard_name>
      <tag_basic_expert>Basic</tag_basic_expert>
      <fill_value>-999</fill_value>
      <flag_meanings>good bad</flag_meanings>
      <flag_masks>TBD</flag_masks>
      <flag_values>[0 1]</flag_values>
      <valid_min>0</valid_min>
      <valid_max>1</valid_max>
      <coordinates>p_lon p_lat</coordinates>
      <comment>Summary quality indicator for the reach measurement.  Values of 0 and 1 indicate nominal (good) and off-nominal (suspect) measurements.</comment>
    </reach_q>
    <dark_frac>
      <long_name>fractional area of dark water</long_name>
      <tag_basic_expert>Expert</tag_basic_expert>
      <fill_value>-999999999999.0</fill_value>
      <units>1</units>
      <valid_min>-1000</valid_min>
      <valid_max>10000</valid_max>
      <coordinates>p_lon p_lat</coordinates>
      <comment>Fraction of reach area_total covered by dark water.</comment>
    </dark_frac>
    <ice_clim_f>
      <long_name>climatological ice cover flag</long_name>
      <standard_name>status_flag</standard_name>
      <source>Yang et al. (2020)</source>
      <tag_basic_expert>Basic</tag_basic_expert>
      <fill_value>-999</fill_value>
      <flag_meanings>no_ice_cover uncertain_ice_cover full_ice_cover</flag_meanings>
      <flag_values>[0 1 2]</flag_values>
      <valid_min>0</valid_min>
      <valid_max>2</valid_max>
      <coordinates>p_lon p_lat</coordinates>
      <comment>Climatological ice cover flag indicating whether the reach is ice-covered on the day of the observation based on external climatological information (not the SWOT measurement).  Values of 0, 1, and 2 indicate that the reach is likely not ice covered, may or may not be partially or fully ice covered, and likely fully ice covered, respectively.</comment>
    </ice_clim_f>
    <ice_dyn_f>
      <long_name>dynamical ice cover flag</long_name>
      <standard_name>status_flag</standard_name>
      <source>Yang et al. (2020)</source>
      <tag_basic_expert>Basic</tag_basic_expert>
      <fill_value>-999</fill_value>
      <flag_meanings>no_ice_cover partial_ice_cover full_ice_cover</flag_meanings>
      <flag_values>[0 1 2]</flag_values>
      <valid_min>0</valid_min>
      <valid_max>2</valid_max>
      <coordinates>p_lon p_lat</coordinates>
      <comment>Dynamic ice cover flag indicating whether the surface is ice-covered on the day of the observation based on analysis of external satellite optical data.  Values of 0, 1, and 2 indicate that the reach is not ice covered, partially ice covered, and fully ice covered, respectively.</comment>
    </ice_dyn_f>
    <partial_f>
      <long_name>partial reach coverage flag</long_name>
      <standard_name>status_flag</standard_name>
      <tag_basic_expert>Basic</tag_basic_expert>
      <fill_value>-999</fill_value>
      <flag_meanings>covered not_covered</flag_meanings>
      <flag_values>[0 1]</flag_values>
      <valid_min>0</valid_min>
      <valid_max>1</valid_max>
      <coordinates>p_lon p_lat</coordinates>
      <comment>Flag that indicates only partial reach coverage.  The flag is 0 if at least half the nodes of the reach have valid WSE measurements; the flag is 1 otherwise and reach-level quantities are not computed.</comment>
    </partial_f>
    <n_good_nod>
      <long_name>number of nodes in the reach that have a valid WSE</long_name>
      <tag_basic_expert>Basic</tag_basic_expert>
      <fill_value>-999</fill_value>
      <units>1</units>
      <valid_min>0</valid_min>
      <valid_max>100</valid_max>
      <coordinates>p_lon p_lat</coordinates>
      <comment>Number of nodes in the reach that have a valid node WSE. Note that the total number of nodes from the prior river database is given by p_n_nodes.</comment>
    </n_good_nod>
    <obs_frac_n>
      <long_name>fraction of nodes that have a valid WSE</long_name>
      <tag_basic_expert>Basic</tag_basic_expert>
      <fill_value>-999999999999.0</fill_value>
      <units>1</units>
      <valid_min>0</valid_min>
      <valid_max>1</valid_max>
      <coordinates>p_lon p_lat</coordinates>
      <comment>Fraction of nodes (n_good_nod/p_n_nodes) in the reach that have a valid node WSE.  The value is between 0 and 1.</comment>
    </obs_frac_n>
    <xovr_cal_q>
      <long_name>quality of the cross-over calibration</long_name>
      <tag_basic_expert>Basic</tag_basic_expert>
      <fill_value>-999</fill_value>
      <flag_meanings>TBD</flag_meanings>
      <flag_masks>TBD</flag_masks>
      <flag_values>TBD</flag_values>
      <valid_min>0</valid_min>
      <valid_max>1</valid_max>
      <coordinates>p_lon p_lat</coordinates>
      <comment>Quality of the cross-over calibration.</comment>
    </xovr_cal_q>
    <geoid_hght>
      <long_name>geoid height</long_name>
      <standard_name>geoid_height_above_reference_ellipsoid</standard_name>
      <source>EGM2008 (Pavlis et al., 2012)</source>
      <institution>GSFC</institution>
      <tag_basic_expert>Basic</tag_basic_expert>
      <fill_value>-999999999999.0</fill_value>
      <units>m</units>
      <valid_min>-150</valid_min>
      <valid_max>150</valid_max>
      <coordinates>p_lon p_lat</coordinates>
      <comment>Geoid height above the reference ellipsoid with a correction to refer the value to the mean tide system i.e., includes the permanent tide (zero frequency).</comment>
    </geoid_hght>
    <geoid_slop>
      <long_name>geoid slope</long_name>
      <source>EGM2008 (Pavlis et al., 2012)</source>
      <institution>GSFC</institution>
      <tag_basic_expert>Expert</tag_basic_expert>
      <fill_value>-999999999999.0</fill_value>
      <units>m/m</units>
      <valid_min>-0.001</valid_min>
      <valid_max>0.01</valid_max>
      <coordinates>p_lon p_lat</coordinates>
      <comment>Geoid slope in the along-stream direction, based upon a least-square linear fit along the reach.  A positive slope means that the downstream geoid model height is lower.</comment>
    </geoid_slop>
    <solid_tide>
      <long_name>solid Earth tide height</long_name>
      <source>Cartwright and Taylor (1971) and Cartwright and Edden (1973)</source>
      <tag_basic_expert>Expert</tag_basic_expert>
      <fill_value>-999999999999.0</fill_value>
      <units>m</units>
      <valid_min>-1</valid_min>
      <valid_max>1</valid_max>
      <coordinates>p_lon p_lat</coordinates>
      <comment>Solid-Earth (body) tide height. The zero-frequency permanent tide component is not included.</comment>
    </solid_tide>
    <load_tidef>
      <long_name>geocentric load tide height (FES)</long_name>
      <source>FES2014b (Carrere et al., 2016)</source>
      <institution>LEGOS/CNES</institution>
      <tag_basic_expert>Expert</tag_basic_expert>
      <fill_value>-999999999999.0</fill_value>
      <units>m</units>
      <valid_min>-0.2</valid_min>
      <valid_max>0.2</valid_max>
      <coordinates>p_lon p_lat</coordinates>
      <comment>Geocentric load tide height. The effect of the ocean tide loading of the Earth's crust. This value is used to compute wse.</comment>
    </load_tidef>
    <load_tideg>
      <long_name>geocentric load tide height (GOT)</long_name>
      <source>GOT4.10c (Ray, 2013)</source>
      <institution>GSFC</institution>
      <tag_basic_expert>Expert</tag_basic_expert>
      <fill_value>-999999999999.0</fill_value>
      <units>m</units>
      <valid_min>-0.2</valid_min>
      <valid_max>0.2</valid_max>
      <coordinates>p_lon p_lat</coordinates>
      <comment>Geocentric load tide height. The effect of the ocean tide loading of the Earth's crust.</comment>
    </load_tideg>
    <pole_tide>
      <long_name>geocentric pole tide height</long_name>
      <source>Wahr (1985) and Desai et al. (2015)</source>
      <tag_basic_expert>Expert</tag_basic_expert>
      <fill_value>-999999999999.0</fill_value>
      <units>m</units>
      <valid_min>-0.2</valid_min>
      <valid_max>0.2</valid_max>
      <coordinates>p_lon p_lat</coordinates>
      <comment>Geocentric pole tide height.  The sum total of the contribution from the solid-Earth (body) pole tide height and the load pole tide height (i.e., the effect of the ocean pole tide loading of the Earth's crust).</comment>
    </pole_tide>
    <dry_trop_c>
      <long_name>dry troposphere vertical correction</long_name>
      <source>European Centre for Medium-Range Weather Forecasts</source>
      <institution>ECMWF</institution>
      <tag_basic_expert>Expert</tag_basic_expert>
      <fill_value>-999999999999.0</fill_value>
      <units>m</units>
      <valid_min>-3.0</valid_min>
      <valid_max>-1.5</valid_max>
      <coordinates>p_lon p_lat</coordinates>
      <comment>Equivalent vertical correction due to dry troposphere delay.  Adding the reported correction to the reported reach WSE results in the uncorrected reach WSE.</comment>
    </dry_trop_c>
    <wet_trop_c>
      <long_name>wet troposphere vertical correction</long_name>
      <source>European Centre for Medium-Range Weather Forecasts</source>
      <institution>ECMWF</institution>
      <tag_basic_expert>Expert</tag_basic_expert>
      <fill_value>-999999999999.0</fill_value>
      <units>m</units>
      <valid_min>-1</valid_min>
      <valid_max>0</valid_max>
      <coordinates>p_lon p_lat</coordinates>
      <comment>Equivalent vertical correction due to wet troposphere delay.  Adding the reported correction to the reported reach WSE results in the uncorrected reach WSE.</comment>
    </wet_trop_c>
    <iono_c>
      <long_name>ionosphere vertical correction</long_name>
      <source>Global Ionosphere Maps</source>
      <institution>JPL</institution>
      <tag_basic_expert>Expert</tag_basic_expert>
      <fill_value>-999999999999.0</fill_value>
      <units>m</units>
      <valid_min>-0.5</valid_min>
      <valid_max>0</valid_max>
      <coordinates>p_lon p_lat</coordinates>
      <comment>Equivalent vertical correction due to ionosphere delay.  Adding the reported correction to the reported reach WSE results in the uncorrected reach WSE.</comment>
    </iono_c>
    <xovr_cal_c>
      <long_name>WSE correction from KaRIn crossovers</long_name>
      <tag_basic_expert>Expert</tag_basic_expert>
      <fill_value>-999999999999.0</fill_value>
      <units>m</units>
      <valid_min>-10</valid_min>
      <valid_max>10</valid_max>
      <coordinates>p_lon p_lat</coordinates>
      <comment>Height correction from KaRIn crossover calibration.  The correction is applied before geolocation but reported as an equivalent height correction.</comment>
    </xovr_cal_c>
    <n_reach_up>
      <long_name>number of upstream reaches</long_name>
      <tag_basic_expert>Basic</tag_basic_expert>
      <fill_value>-999</fill_value>
      <units>1</units>
      <valid_min>0</valid_min>
      <valid_max>4</valid_max>
      <coordinates>p_lon p_lat</coordinates>
      <comment>Number of upstream reaches, from the prior river database. A value of 4 indicates 4 or more upstream reaches.</comment>
    </n_reach_up>
    <n_reach_dn>
      <long_name>number of downstream reaches</long_name>
      <tag_basic_expert>Basic</tag_basic_expert>
      <fill_value>-999</fill_value>
      <units>1</units>
      <valid_min>0</valid_min>
      <valid_max>4</valid_max>
      <coordinates>p_lon p_lat</coordinates>
      <comment>Number of downstream reaches, from the prior river database.  A value of 4 indicates 4 or more downstream reaches.</comment>
    </n_reach_dn>
    <rch_id_up>
      <long_name>reach_id  of upstream reaches</long_name>
      <tag_basic_expert>Basic</tag_basic_expert>
      <fill_value>-99999999</fill_value>
      <units>1</units>
      <coordinates>p_lon p_lat</coordinates>
      <comment>Values of reach_id for the upstream reaches, from the prior river database.  The values are strings of comma-separated lists of at most 4 reach identifiers corresponding to the upstream reaches.</comment>
    </rch_id_up>
    <rch_id_dn>
      <long_name>reach_id  of downstream reaches</long_name>
      <tag_basic_expert>Basic</tag_basic_expert>
      <fill_value>-99999999</fill_value>
      <units>1</units>
      <coordinates>p_lon p_lat</coordinates>
      <comment>Values of reach_id for the downstream reaches, from the prior river database.  The values are strings of comma-separated lists of at most 4 reach identifiers corresponding to the downstream reaches.</comment>
    </rch_id_dn>
    <p_wse>
      <long_name>reach water surface elevation</long_name>
      <tag_basic_expert>Basic</tag_basic_expert>
      <fill_value>-999999999999.0</fill_value>
      <units>m</units>
      <valid_min>-1000</valid_min>
      <valid_max>10000</valid_max>
      <coordinates>p_lon p_lat</coordinates>
      <comment>Reach WSE from the prior river database.</comment>
    </p_wse>
    <p_wse_var>
      <long_name>reach water surface elevation variability</long_name>
      <tag_basic_expert>Basic</tag_basic_expert>
      <fill_value>-999999999999.0</fill_value>
      <units>m</units>
      <valid_min>0</valid_min>
      <valid_max>9999</valid_max>
      <coordinates>p_lon p_lat</coordinates>
      <comment>Reach WSE spatial variability from the prior river database.</comment>
    </p_wse_var>
    <p_width>
      <long_name>reach width</long_name>
      <tag_basic_expert>Basic</tag_basic_expert>
      <fill_value>-999999999999.0</fill_value>
      <units>m</units>
      <valid_min>10</valid_min>
      <valid_max>100000</valid_max>
      <coordinates>p_lon p_lat</coordinates>
      <comment>Reach width from the prior river database.</comment>
    </p_width>
    <p_wid_var>
      <long_name>reach width variability</long_name>
      <tag_basic_expert>Basic</tag_basic_expert>
      <fill_value>-999999999999.0</fill_value>
      <units>m</units>
      <valid_min>10</valid_min>
      <valid_max>100000</valid_max>
      <coordinates>p_lon p_lat</coordinates>
      <comment>Reach width spatial variability from the prior river database.</comment>
    </p_wid_var>
    <p_n_nodes>
      <long_name>number of nodes in the reach</long_name>
      <tag_basic_expert>Basic</tag_basic_expert>
      <fill_value>-999</fill_value>
      <units>1</units>
      <valid_min>1</valid_min>
      <valid_max>500</valid_max>
      <coordinates>p_lon p_lat</coordinates>
      <comment>Number of nodes in the reach from the prior river database.</comment>
    </p_n_nodes>
    <p_dist_out>
      <long_name>distance from the reach to the outlet </long_name>
      <tag_basic_expert>Basic</tag_basic_expert>
      <fill_value>-999999999999.0</fill_value>
      <units>m</units>
      <valid_min>-10000</valid_min>
      <valid_max>10000000</valid_max>
      <coordinates>p_lon p_lat</coordinates>
      <comment>Along-stream distance from the reach center to the outlet, from the prior river database.</comment>
    </p_dist_out>
    <p_length>
      <long_name>length of reach</long_name>
      <tag_basic_expert>Basic</tag_basic_expert>
      <fill_value>-999999999999.0</fill_value>
      <units>m</units>
      <valid_min>100</valid_min>
      <valid_max>100000</valid_max>
      <coordinates>p_lon p_lat</coordinates>
      <comment>Length of the reach from the prior river database.  This value is used to compute the reach width from the water surface area.</comment>
    </p_length>
    <p_maf>
      <long_name>mean annual flow</long_name>
      <tag_basic_expert>Expert</tag_basic_expert>
      <fill_value>-999999999999.0</fill_value>
      <units>m^3/s</units>
      <valid_min>0</valid_min>
      <valid_max>10000000</valid_max>
      <coordinates>p_lon p_lat</coordinates>
      <comment>Mean annual flow from the prior river datavase.</comment>
    </p_maf>
    <p_dam_id>
      <long_name>dam ID from GRanD database</long_name>
      <source>Lehner et al. (2011)</source>
      <tag_basic_expert>Expert</tag_basic_expert>
      <fill_value>-99999999</fill_value>
      <units>1</units>
      <valid_min>0</valid_min>
      <valid_max>10000</valid_max>
      <coordinates>p_lon p_lat</coordinates>
      <comment>Dam ID from the Global Reservoir and Dam (GRanD) database. The value is 0 if there is no influence of dams along the reach, and a positive value indicates there is an influence of a dam along the reach. The value of grand_id identifies the dam ID in the GRanD database.  Reaches influenced by dams are indicated by the type code in reach_id.</comment>
    </p_dam_id>
    <p_n_ch_max>
      <long_name>maximum number of channels detected in the reach</long_name>
      <tag_basic_expert>Expert</tag_basic_expert>
      <fill_value>-999</fill_value>
      <units>1</units>
      <valid_min>0</valid_min>
      <valid_max>100</valid_max>
      <coordinates>p_lon p_lat</coordinates>
      <comment>Maximum number of channels in the reach from the prior river database.</comment>
    </p_n_ch_max>
    <p_n_ch_mod>
      <long_name>mode of the number of channels in the reach</long_name>
      <tag_basic_expert>Expert</tag_basic_expert>
      <fill_value>-999</fill_value>
      <units>1</units>
      <valid_min>0</valid_min>
      <valid_max>100</valid_max>
      <coordinates>p_lon p_lat</coordinates>
      <comment>Mode of the number of channels in the reach from the prior river database.</comment>
    </p_n_ch_mod>
  </attributes>
</swot_product>
